-- M1.3: controlled seven-domain MGMA baseline, KPI dictionary,
-- evidence-separated measurements, data-quality results, and dashboard governance.

ALTER TABLE `mgma_domains` ADD COLUMN `workflow_ids_json` TEXT NOT NULL DEFAULT '[]';
--> statement-breakpoint
ALTER TABLE `mgma_domains` ADD COLUMN `accountable_owner` TEXT NOT NULL DEFAULT 'Unassigned';
--> statement-breakpoint
ALTER TABLE `mgma_domains` ADD COLUMN `source_data_json` TEXT NOT NULL DEFAULT '[]';
--> statement-breakpoint
ALTER TABLE `mgma_domains` ADD COLUMN `corporate_office_sponsor` TEXT NOT NULL DEFAULT 'EO';
--> statement-breakpoint
ALTER TABLE `mgma_domains` ADD COLUMN `consuming_scopes_json` TEXT NOT NULL DEFAULT '[]';
--> statement-breakpoint

ALTER TABLE `mgma_kpi_targets` ADD COLUMN `formula` TEXT NOT NULL DEFAULT 'Controlled formula pending';
--> statement-breakpoint
ALTER TABLE `mgma_kpi_targets` ADD COLUMN `numerator_definition` TEXT NOT NULL DEFAULT 'Not applicable';
--> statement-breakpoint
ALTER TABLE `mgma_kpi_targets` ADD COLUMN `denominator_definition` TEXT NOT NULL DEFAULT 'Not applicable';
--> statement-breakpoint
ALTER TABLE `mgma_kpi_targets` ADD COLUMN `source_system` TEXT NOT NULL DEFAULT 'Controlled source pending';
--> statement-breakpoint
ALTER TABLE `mgma_kpi_targets` ADD COLUMN `source_fields_json` TEXT NOT NULL DEFAULT '[]';
--> statement-breakpoint
ALTER TABLE `mgma_kpi_targets` ADD COLUMN `owner_role` TEXT NOT NULL DEFAULT 'Unassigned';
--> statement-breakpoint
ALTER TABLE `mgma_kpi_targets` ADD COLUMN `drill_down_path` TEXT NOT NULL DEFAULT '/executive/mgma';
--> statement-breakpoint
ALTER TABLE `mgma_kpi_targets` ADD COLUMN `target_basis` TEXT NOT NULL DEFAULT 'AMOS-OPS controlled internal prototype target';
--> statement-breakpoint
ALTER TABLE `mgma_kpi_targets` ADD COLUMN `target_approval_status` TEXT NOT NULL DEFAULT 'pending-owner-review';
--> statement-breakpoint
ALTER TABLE `mgma_kpi_targets` ADD COLUMN `stale_after_hours` INTEGER NOT NULL DEFAULT 744;
--> statement-breakpoint
ALTER TABLE `mgma_kpi_targets` ADD COLUMN `scope_ids_json` TEXT NOT NULL DEFAULT '[]';
--> statement-breakpoint
ALTER TABLE `mgma_kpi_targets` ADD COLUMN `is_checklist_target` INTEGER NOT NULL DEFAULT 0;
--> statement-breakpoint

ALTER TABLE `mgma_scorecards` ADD COLUMN `scope_type` TEXT NOT NULL DEFAULT 'profit_center';
--> statement-breakpoint
ALTER TABLE `mgma_scorecards` ADD COLUMN `evidence_class` TEXT NOT NULL DEFAULT 'synthetic_demo';
--> statement-breakpoint
ALTER TABLE `mgma_scorecards` ADD COLUMN `baseline_status` TEXT NOT NULL DEFAULT 'not_measured';
--> statement-breakpoint
ALTER TABLE `mgma_scorecards` ADD COLUMN `data_quality_status` TEXT NOT NULL DEFAULT 'not_run';
--> statement-breakpoint

CREATE TABLE `mgma_measurements` (
	`id` TEXT PRIMARY KEY NOT NULL,
	`kpi_id` TEXT NOT NULL,
	`scope_type` TEXT NOT NULL CHECK (`scope_type` IN ('profit_center', 'corporate_office')),
	`scope_id` TEXT NOT NULL CHECK (`scope_id` IN ('EO', 'GAD', 'GRO', 'BHC')),
	`evidence_class` TEXT NOT NULL CHECK (`evidence_class` IN ('synthetic_demo', 'production')),
	`period_start` TEXT NOT NULL,
	`period_end` TEXT NOT NULL,
	`numerator_value` TEXT,
	`denominator_value` TEXT,
	`calculated_value` TEXT NOT NULL,
	`source_reference` TEXT NOT NULL,
	`source_record_ids_json` TEXT NOT NULL DEFAULT '[]',
	`source_record_count` INTEGER NOT NULL DEFAULT 0,
	`collected_at` TEXT NOT NULL,
	`created_at` TEXT NOT NULL,
	FOREIGN KEY (`kpi_id`) REFERENCES `mgma_kpi_targets`(`id`) ON DELETE RESTRICT
);
--> statement-breakpoint
CREATE UNIQUE INDEX `idx_mgma_measurement_period_scope` ON `mgma_measurements` (`kpi_id`, `scope_id`, `evidence_class`, `period_start`, `period_end`);
--> statement-breakpoint
CREATE INDEX `idx_mgma_measurement_mode_scope` ON `mgma_measurements` (`evidence_class`, `scope_type`, `scope_id`);
--> statement-breakpoint

CREATE TABLE `mgma_data_quality_results` (
	`id` TEXT PRIMARY KEY NOT NULL,
	`measurement_id` TEXT,
	`kpi_id` TEXT NOT NULL,
	`scope_id` TEXT NOT NULL CHECK (`scope_id` IN ('EO', 'GAD', 'GRO', 'BHC')),
	`evidence_class` TEXT NOT NULL CHECK (`evidence_class` IN ('synthetic_demo', 'production')),
	`check_type` TEXT NOT NULL CHECK (`check_type` IN ('completeness', 'timeliness', 'duplication', 'denominator_validity', 'stale_data')),
	`check_status` TEXT NOT NULL CHECK (`check_status` IN ('pass', 'fail', 'not_run')),
	`reason_code` TEXT NOT NULL,
	`details` TEXT NOT NULL,
	`evaluated_at` TEXT NOT NULL,
	FOREIGN KEY (`measurement_id`) REFERENCES `mgma_measurements`(`id`) ON DELETE CASCADE,
	FOREIGN KEY (`kpi_id`) REFERENCES `mgma_kpi_targets`(`id`) ON DELETE RESTRICT
);
--> statement-breakpoint
CREATE INDEX `idx_mgma_dq_mode_scope` ON `mgma_data_quality_results` (`evidence_class`, `scope_id`, `check_type`, `check_status`);
--> statement-breakpoint

CREATE TABLE `mgma_dashboard_governance` (
	`id` TEXT PRIMARY KEY NOT NULL,
	`baseline_period_start` TEXT NOT NULL,
	`baseline_period_end` TEXT NOT NULL,
	`dashboard_cadence` TEXT NOT NULL CHECK (`dashboard_cadence` IN ('monthly', 'quarterly')),
	`close_rule` TEXT NOT NULL,
	`status` TEXT NOT NULL CHECK (`status` IN ('prototype-reviewed', 'pending-owner-acceptance', 'owner-approved')),
	`owner_role` TEXT NOT NULL,
	`reviewer_label` TEXT NOT NULL,
	`review_class` TEXT NOT NULL CHECK (`review_class` IN ('synthetic_prototype', 'human')),
	`reviewed_at` TEXT NOT NULL,
	`note` TEXT NOT NULL
);
--> statement-breakpoint

CREATE TABLE `mgma_owner_approvals` (
	`id` TEXT PRIMARY KEY NOT NULL,
	`kpi_id` TEXT NOT NULL,
	`owner_role` TEXT NOT NULL,
	`formula_status` TEXT NOT NULL,
	`target_status` TEXT NOT NULL,
	`source_status` TEXT NOT NULL,
	`cadence_status` TEXT NOT NULL,
	`reviewer_label` TEXT NOT NULL,
	`review_class` TEXT NOT NULL CHECK (`review_class` IN ('synthetic_prototype', 'human')),
	`reviewed_at` TEXT NOT NULL,
	`note` TEXT NOT NULL,
	FOREIGN KEY (`kpi_id`) REFERENCES `mgma_kpi_targets`(`id`) ON DELETE CASCADE
);
--> statement-breakpoint
CREATE UNIQUE INDEX `idx_mgma_owner_approval_kpi` ON `mgma_owner_approvals` (`kpi_id`);
--> statement-breakpoint

-- Replace the earlier unlabeled demonstration seed with the controlled M1.3 dictionary.
-- No production measurement is created by this migration.
DELETE FROM `mgma_kpi_targets`;
--> statement-breakpoint
DELETE FROM `mgma_domains`;
--> statement-breakpoint

INSERT INTO `mgma_domains`
(`id`, `domain_number`, `domain_name`, `domain_description`, `amos_ops_module`, `module_route`, `workflow_ids_json`, `accountable_owner`, `source_data_json`, `corporate_office_sponsor`, `consuming_scopes_json`, `responsible_division`, `status`, `configured_at`, `configured_by`, `created_at`, `updated_at`)
VALUES
('M13-D1',1,'Operations Management','Facility readiness, operating capacity, work management, and day-to-day service continuity.','GAD Facilities + GRO Residential Operations','/gad','["facility-uptime","work-orders","capacity-readiness"]','GAD Director','["facility_operating_calendar","work_orders","facility_availability_events"]','GAD','["GRO","BHC"]','GAD','active','2026-07-14T00:00:00Z','AMOS-OPS M1.3','2026-07-14T00:00:00Z','2026-07-14T00:00:00Z'),
('M13-D2',2,'Financial Management','Revenue-cycle performance, claims quality, collections, and financial stewardship.','Revenue Dashboard + Claims Management','/revenue','["claim-submission","denial-resolution","accounts-receivable-close"]','CFO / Revenue Cycle Manager','["claims","claim_submissions","accounts_receivable","gross_charges"]','EO','["BHC","GRO"]','EO','active','2026-07-14T00:00:00Z','AMOS-OPS M1.3','2026-07-14T00:00:00Z','2026-07-14T00:00:00Z'),
('M13-D3',3,'Human Resources Management','Workforce stability, credential currency, required training, and personnel readiness.','HR Personnel + Credentials + Training','/hr','["workforce-separation","credential-renewal","training-assignment"]','HR Director','["hr_people","separations","credentials","training_progress"]','EO','["BHC","GRO","EO","GAD"]','EO','active','2026-07-14T00:00:00Z','AMOS-OPS M1.3','2026-07-14T00:00:00Z','2026-07-14T00:00:00Z'),
('M13-D4',4,'Compliance & Risk Management','Documentation compliance, chart audit performance, regulatory assurance, and corrective action.','QA + Compliance + Regulatory Framework','/qa','["encounter-documentation-close","chart-audit","corrective-action"]','Compliance Officer','["clinical_encounters","clinical_notes","chart_audits","audit_findings"]','EO','["BHC","GRO"]','EO','active','2026-07-14T00:00:00Z','AMOS-OPS M1.3','2026-07-14T00:00:00Z','2026-07-14T00:00:00Z'),
('M13-D5',5,'Patient Care & Clinical Quality','Care-plan currency, access to first service, coordinated care, and youth-centered quality.','BHC Clinical + GRO Care Continuum','/clinical','["care-plan-review","referral-to-service","care-coordination"]','BHC Clinical Director / GRO Program Director','["referrals","service_encounters","treatment_plans","care_plan_reviews"]','EO','["BHC","GRO"]','BHC','active','2026-07-14T00:00:00Z','AMOS-OPS M1.3','2026-07-14T00:00:00Z','2026-07-14T00:00:00Z'),
('M13-D6',6,'Information Management','Controlled data refresh, data quality, reporting lineage, and platform information stewardship.','AMOS-OPS Analytics + Data Governance','/analytics','["scheduled-data-refresh","data-quality-review","dashboard-publication"]','IT Director / Data Steward','["refresh_jobs","data_quality_results","dashboard_publications"]','EO','["BHC","GRO","EO","GAD"]','EO','active','2026-07-14T00:00:00Z','AMOS-OPS M1.3','2026-07-14T00:00:00Z','2026-07-14T00:00:00Z'),
('M13-D7',7,'Transformation & Strategy','Milestone delivery, Corporate Office service levels, performance governance, and strategic execution.','Executive Dashboard + Milestone Governance','/executive','["milestone-governance","corporate-office-service-request","performance-review"]','Managing Director','["milestones","service_requests","performance_reviews"]','EO','["BHC","GRO","EO","GAD"]','EO','active','2026-07-14T00:00:00Z','AMOS-OPS M1.3','2026-07-14T00:00:00Z','2026-07-14T00:00:00Z');
--> statement-breakpoint
CREATE UNIQUE INDEX `idx_mgma_domain_number` ON `mgma_domains` (`domain_number`);
--> statement-breakpoint

INSERT INTO `mgma_kpi_targets`
(`id`,`domain_id`,`kpi_name`,`kpi_description`,`target_value`,`target_unit`,`comparison_operator`,`benchmark_source`,`formula`,`numerator_definition`,`denominator_definition`,`source_system`,`source_fields_json`,`owner_role`,`drill_down_path`,`target_basis`,`target_approval_status`,`stale_after_hours`,`scope_ids_json`,`is_checklist_target`,`current_value`,`last_measured_at`,`measurement_frequency`,`status`,`alert_threshold`,`created_at`,`updated_at`)
VALUES
('M13-KPI-001','M13-D2','Days in AR','Average number of gross-charge days represented by ending accounts receivable.','40','days','less_than_or_equal','AMOS-OPS controlled internal prototype target','Ending gross accounts receivable / average daily gross charges','Ending gross accounts receivable balance','Gross charges in period / calendar days in period','Revenue cycle ledger','["accounts_receivable.ending_gross_ar","gross_charges.amount","reporting_period.calendar_days"]','CFO / Revenue Cycle Manager','/revenue/aging','AMOS-OPS controlled internal prototype target','prototype-reviewed',1080,'["EO"]',1,NULL,NULL,'monthly','not_measured','50','2026-07-14T00:00:00Z','2026-07-14T00:00:00Z'),
('M13-KPI-002','M13-D2','Clean Claim Rate','Percent of submitted claims accepted on first submission without rejection.','95','percentage','greater_than_or_equal','AMOS-OPS controlled internal prototype target','First-pass accepted claims / total claims submitted x 100','Claims accepted on first submission without rejection','All claims submitted during the period','Claims clearinghouse','["claim_submissions.claim_id","claim_submissions.first_pass_status","claim_submissions.submitted_at"]','Revenue Cycle Manager','/revenue/claims','AMOS-OPS controlled internal prototype target','prototype-reviewed',1080,'["EO"]',1,NULL,NULL,'monthly','not_measured','90','2026-07-14T00:00:00Z','2026-07-14T00:00:00Z'),
('M13-KPI-003','M13-D4','Encounter Documentation Timeliness','Percent of required encounter notes signed within the controlled documentation window.','95','percentage','greater_than_or_equal','AMOS-OPS controlled internal prototype target','Encounters with timely signed documentation / encounters requiring documentation x 100','Encounters whose required note was signed within policy time','Completed encounters requiring documentation','Clinical documentation ledger','["service_encounters.id","service_encounters.completed_at","clinical_notes.signed_at","clinical_notes.status"]','Compliance Officer / Clinical Supervisors','/qa/chart-audits','AMOS-OPS controlled internal prototype target','prototype-reviewed',336,'["BHC","GRO"]',1,NULL,NULL,'weekly','not_measured','90','2026-07-14T00:00:00Z','2026-07-14T00:00:00Z'),
('M13-KPI-004','M13-D3','Staff Turnover Rate','Trailing-twelve-month separations as a percent of average headcount.','15','percentage','less_than_or_equal','AMOS-OPS controlled internal prototype target','Trailing-12-month separations / trailing-12-month average headcount x 100','Employee separations during the trailing twelve months','Average employee headcount during the trailing twelve months','HR personnel lifecycle','["separations.separation_date","hr_people.is_employee","headcount_snapshot.period_end"]','HR Director','/hr/separations','AMOS-OPS controlled internal prototype target','prototype-reviewed',2160,'["EO"]',1,NULL,NULL,'quarterly','not_measured','20','2026-07-14T00:00:00Z','2026-07-14T00:00:00Z'),
('M13-KPI-005','M13-D3','Credentialing Currency Rate','Percent of in-scope staff whose required credential set is complete and current.','98','percentage','greater_than_or_equal','AMOS-OPS controlled internal prototype target','Staff with complete current required credentials / staff requiring credentials x 100','In-scope staff with every required credential current','In-scope staff who require one or more credentials','Credential registry','["hr_people.id","credentials.type","credentials.expiration_date","credentials.status"]','HR Director / Credentialing Owner','/hr/credential-tracker','AMOS-OPS controlled internal prototype target','prototype-reviewed',336,'["EO"]',1,NULL,NULL,'weekly','not_measured','95','2026-07-14T00:00:00Z','2026-07-14T00:00:00Z'),
('M13-KPI-006','M13-D3','Training Currency Rate','Percent of required training assignments completed and current by the due date.','95','percentage','greater_than_or_equal','AMOS-OPS controlled internal prototype target','Current completed required assignments / required assignments due x 100','Required assignments completed, unexpired, and on time','Required assignments due for active in-scope staff','Training tracker','["training_progress.person_id","training_progress.status","training_progress.completed_at","training_modules.due_rule"]','Training Coordinator','/training','AMOS-OPS controlled internal prototype target','prototype-reviewed',336,'["EO"]',1,NULL,NULL,'weekly','not_measured','90','2026-07-14T00:00:00Z','2026-07-14T00:00:00Z'),
('M13-KPI-007','M13-D4','Chart Audit Pass Rate','Percent of completed chart audits meeting the controlled passing standard.','95','percentage','greater_than_or_equal','AMOS-OPS controlled internal prototype target','Chart audits meeting pass standard / completed chart audits x 100','Completed chart audits at or above the approved pass standard','All completed chart audits in the period','QA chart-audit register','["chart_audits.id","chart_audits.score","chart_audits.status","chart_audits.completed_at"]','Compliance Officer / Chart Auditor','/qa/chart-audits','AMOS-OPS controlled internal prototype target','prototype-reviewed',1080,'["BHC","GRO"]',1,NULL,NULL,'monthly','not_measured','90','2026-07-14T00:00:00Z','2026-07-14T00:00:00Z'),
('M13-KPI-008','M13-D1','Facility Uptime','Percent of scheduled critical-facility service hours available for safe operations.','99','percentage','greater_than_or_equal','AMOS-OPS controlled internal prototype target','Available critical-facility service hours / scheduled critical-facility service hours x 100','Scheduled critical-facility service hours without an availability interruption','Scheduled critical-facility service hours','Facilities operations register','["facility_operating_calendar.scheduled_hours","facility_availability_events.outage_hours","work_orders.priority"]','Facilities Manager','/gad/facilities','AMOS-OPS controlled internal prototype target','prototype-reviewed',48,'["GAD"]',1,NULL,NULL,'daily','not_measured','98','2026-07-14T00:00:00Z','2026-07-14T00:00:00Z'),
('M13-KPI-009','M13-D5','Care Plan Review Currency','Percent of active youth whose care plan review is within the controlled cadence.','95','percentage','greater_than_or_equal','AMOS-OPS controlled internal prototype target','Active youth with current care-plan review / active youth requiring a care plan x 100','Active youth whose latest required review is current','Active youth requiring a care plan','Clinical care-plan registry','["treatment_plans.youth_id","treatment_plans.next_review_due","treatment_plans.status"]','BHC Clinical Director / GRO Program Director','/clinical/treatment-plans','AMOS-OPS controlled internal prototype target','prototype-reviewed',336,'["BHC","GRO"]',0,NULL,NULL,'weekly','not_measured','90','2026-07-14T00:00:00Z','2026-07-14T00:00:00Z'),
('M13-KPI-010','M13-D5','Referral-to-First-Service Days','Average calendar days from accepted referral to first completed service.','7','days','less_than_or_equal','AMOS-OPS controlled internal prototype target','Sum of calendar days from accepted referral to first completed service / youth with first completed service','Total elapsed calendar days for completed referral-to-service episodes','Youth with an accepted referral and a first completed service','Referral and service ledger','["referrals.accepted_at","service_encounters.youth_id","service_encounters.completed_at"]','BHC Intake Coordinator / GRO Program Director','/clinical/referrals','AMOS-OPS controlled internal prototype target','prototype-reviewed',1080,'["BHC","GRO"]',0,NULL,NULL,'monthly','not_measured','10','2026-07-14T00:00:00Z','2026-07-14T00:00:00Z'),
('M13-KPI-011','M13-D6','Data Refresh Success Rate','Percent of scheduled dashboard refresh jobs completed successfully.','99','percentage','greater_than_or_equal','AMOS-OPS controlled internal prototype target','Successful scheduled refreshes / scheduled refreshes x 100','Scheduled refresh jobs completed successfully','Scheduled refresh jobs due','Data refresh job ledger','["refresh_jobs.id","refresh_jobs.scheduled_at","refresh_jobs.completed_at","refresh_jobs.status"]','IT Director / Data Steward','/analytics','AMOS-OPS controlled internal prototype target','prototype-reviewed',48,'["EO"]',0,NULL,NULL,'daily','not_measured','95','2026-07-14T00:00:00Z','2026-07-14T00:00:00Z'),
('M13-KPI-012','M13-D6','Critical Data Quality Pass Rate','Percent of executed critical data-quality checks that pass.','98','percentage','greater_than_or_equal','AMOS-OPS controlled internal prototype target','Passing critical data-quality checks / critical checks executed x 100','Critical data-quality checks with pass status','Critical data-quality checks executed','Data-quality result ledger','["mgma_data_quality_results.check_type","mgma_data_quality_results.check_status","mgma_data_quality_results.evaluated_at"]','Data Steward','/analytics','AMOS-OPS controlled internal prototype target','prototype-reviewed',168,'["EO"]',0,NULL,NULL,'weekly','not_measured','95','2026-07-14T00:00:00Z','2026-07-14T00:00:00Z'),
('M13-KPI-013','M13-D7','Strategic Milestone On-Time Rate','Percent of due strategic milestones completed on or before the approved target date.','90','percentage','greater_than_or_equal','AMOS-OPS controlled internal prototype target','Due milestones completed on time / milestones due x 100','Strategic milestones completed by approved target date','Strategic milestones due during the period','Milestone governance register','["milestones.id","milestones.target_date","milestones.completed_date","milestones.status"]','Managing Director','/executive/strategic-projects','AMOS-OPS controlled internal prototype target','prototype-reviewed',1080,'["EO"]',0,NULL,NULL,'monthly','not_measured','80','2026-07-14T00:00:00Z','2026-07-14T00:00:00Z'),
('M13-KPI-014','M13-D7','Corporate Office Service-Level Completion Rate','Percent of due EO/GAD enablement requests completed within the controlled service level.','95','percentage','greater_than_or_equal','AMOS-OPS controlled internal prototype target','Enablement requests completed within service level / enablement requests due x 100','EO/GAD requests completed within the applicable service level','EO/GAD enablement requests due during the period','Corporate Office service-request ledger','["service_requests.id","service_requests.office","service_requests.due_at","service_requests.completed_at"]','Managing Director / GAD Director','/executive/strategic-projects','AMOS-OPS controlled internal prototype target','prototype-reviewed',720,'["EO","GAD"]',0,NULL,NULL,'monthly','not_measured','90','2026-07-14T00:00:00Z','2026-07-14T00:00:00Z');
--> statement-breakpoint

-- Reconcile the migration-owned persistence seed to the validated TypeScript
-- contract that also drives the API, scorecards, tests, and evidence exports.
UPDATE mgma_domains SET domain_number=1, domain_name='Operations Management', domain_description='Facility availability, residential operations, safety, logistics, and controlled workflow execution.', amos_ops_module='GAD Facilities & Operations + GRO Residential Operations + Enterprise Workflows', module_route='/gad', workflow_ids_json='["facility-uptime-monitoring","work-order-management","safety-rounds","shift-handoff"]', accountable_owner='Facilities Manager', source_data_json='[{"system":"AMOS-OPS Facilities","entities":["facilities","work_orders","safety_inspections"],"keyFields":["facility_id","status","opened_at","completed_at","inspection_date"]},{"system":"AMOS-OPS Workflow","entities":["workflow_instances","workflow_steps"],"keyFields":["workflow_id","status","started_at","completed_at"]}]', corporate_office_sponsor='EO', consuming_scopes_json='[{"scopeType":"profit_center","scopeId":"BHC"},{"scopeType":"profit_center","scopeId":"GRO"},{"scopeType":"corporate_office","scopeId":"EO"},{"scopeType":"corporate_office","scopeId":"GAD"}]', responsible_division='GAD' WHERE id='M13-D1';
UPDATE mgma_domains SET domain_number=2, domain_name='Financial Management', domain_description='Revenue-cycle performance, claims quality, accounts receivable, payment, and denial management.', amos_ops_module='Revenue Dashboard + Claims Management + Accounts Receivable Aging', module_route='/revenue', workflow_ids_json='["claim-submission","clean-claim-validation","payment-posting","denial-management"]', accountable_owner='Revenue Cycle Manager', source_data_json='[{"system":"AMOS-OPS Revenue Cycle","entities":["claims","claim_submissions","payments","claim_denials"],"keyFields":["claim_id","service_date","submitted_at","first_pass_status","outstanding_balance","paid_at"]}]', corporate_office_sponsor='EO', consuming_scopes_json='[{"scopeType":"profit_center","scopeId":"BHC"},{"scopeType":"profit_center","scopeId":"GRO"},{"scopeType":"corporate_office","scopeId":"EO"}]', responsible_division='EO' WHERE id='M13-D2';
UPDATE mgma_domains SET domain_number=3, domain_name='Human Resources Management', domain_description='Workforce lifecycle, retention, credential currency, required training, and performance management.', amos_ops_module='HR Command Center + Credential Tracker + Training Assignments + Separation Management', module_route='/hr', workflow_ids_json='["recruitment-onboarding","credential-monitoring","training-currency","employee-separation"]', accountable_owner='HR Director', source_data_json='[{"system":"AMOS-OPS Human Resources","entities":["people","employment_status_history","credentials","training_assignments","separations"],"keyFields":["person_id","hire_date","separation_date","credential_expires_at","training_due_at","completed_at"]}]', corporate_office_sponsor='EO', consuming_scopes_json='[{"scopeType":"profit_center","scopeId":"BHC"},{"scopeType":"profit_center","scopeId":"GRO"},{"scopeType":"corporate_office","scopeId":"EO"},{"scopeType":"corporate_office","scopeId":"GAD"}]', responsible_division='EO' WHERE id='M13-D3';
UPDATE mgma_domains SET domain_number=4, domain_name='Compliance & Risk Management', domain_description='Documentation timeliness, chart audit quality, corrective action, and regulatory-risk oversight.', amos_ops_module='Quality Assurance + Audit Binder + Regulatory Framework + Encounter Documentation', module_route='/qa', workflow_ids_json='["encounter-note-review","chart-audit","deficiency-remediation","corrective-action-plan"]', accountable_owner='HR / Compliance Officer', source_data_json='[{"system":"AMOS-OPS Quality & Compliance","entities":["clinical_encounters","service_notes","chart_audits","audit_findings","corrective_actions"],"keyFields":["encounter_id","ended_at","note_signed_at","audit_id","audit_result","closed_at"]}]', corporate_office_sponsor='EO', consuming_scopes_json='[{"scopeType":"profit_center","scopeId":"BHC"},{"scopeType":"profit_center","scopeId":"GRO"},{"scopeType":"corporate_office","scopeId":"EO"},{"scopeType":"corporate_office","scopeId":"GAD"}]', responsible_division='EO' WHERE id='M13-D4';
UPDATE mgma_domains SET domain_number=5, domain_name='Patient Care & Clinical Quality', domain_description='Care-plan currency, referral access, treatment delivery, and cross-divisional clinical quality.', amos_ops_module='BHC Clinical Workspace + Treatment Plans + Referral Intake + GRO Care Operations', module_route='/clinical', workflow_ids_json='["care-plan-review","referral-intake","first-service-linkage","clinical-quality-review"]', accountable_owner='Treatment Director / LPHA', source_data_json='[{"system":"AMOS-OPS Clinical","entities":["treatment_plans","clinical_referrals","clinical_encounters","care_reviews"],"keyFields":["patient_id","plan_id","review_due_at","reviewed_at","referral_received_at","first_service_at"]}]', corporate_office_sponsor='EO', consuming_scopes_json='[{"scopeType":"profit_center","scopeId":"BHC"},{"scopeType":"profit_center","scopeId":"GRO"},{"scopeType":"corporate_office","scopeId":"EO"}]', responsible_division='BHC' WHERE id='M13-D5';
UPDATE mgma_domains SET domain_number=6, domain_name='Information Management', domain_description='Controlled data refresh, information quality, platform observability, and reliable reporting inputs.', amos_ops_module='AMOS-OPS Platform + Analytics + NIL Knowledge Graph + Operational Observability', module_route='/analytics', workflow_ids_json='["scheduled-data-refresh","critical-data-quality-check","source-reconciliation","refresh-failure-escalation"]', accountable_owner='Super Admin', source_data_json='[{"system":"AMOS-OPS Data Operations","entities":["data_refresh_runs","data_quality_results","operational_audit_events","source_registry"],"keyFields":["run_id","scheduled_at","completed_at","status","check_id","severity","result"]}]', corporate_office_sponsor='EO', consuming_scopes_json='[{"scopeType":"profit_center","scopeId":"BHC"},{"scopeType":"profit_center","scopeId":"GRO"},{"scopeType":"corporate_office","scopeId":"EO"},{"scopeType":"corporate_office","scopeId":"GAD"}]', responsible_division='EO' WHERE id='M13-D6';
UPDATE mgma_domains SET domain_number=7, domain_name='Transformation & Strategy', domain_description='Strategic milestone delivery, organizational transformation, and Corporate Office service performance.', amos_ops_module='Executive Dashboard + MGMA Scorecard + Strategic Projects + Corporate Office Work Queue', module_route='/executive', workflow_ids_json='["strategic-milestone-review","portfolio-governance","corporate-office-service-request","executive-escalation"]', accountable_owner='Managing Director', source_data_json='[{"system":"AMOS-OPS Executive Operations","entities":["strategic_projects","project_milestones","corporate_service_requests","workflow_instances"],"keyFields":["milestone_id","due_at","completed_at","request_id","sla_due_at","status"]}]', corporate_office_sponsor='EO', consuming_scopes_json='[{"scopeType":"profit_center","scopeId":"BHC"},{"scopeType":"profit_center","scopeId":"GRO"},{"scopeType":"corporate_office","scopeId":"EO"},{"scopeType":"corporate_office","scopeId":"GAD"}]', responsible_division='EO' WHERE id='M13-D7';

UPDATE mgma_kpi_targets SET domain_id='M13-D2', kpi_description='Estimated days required to convert ending gross accounts receivable into cash at the period''s average daily gross-charge rate.', target_value='40', target_unit='days', comparison_operator='less_than_or_equal', benchmark_source='AMOS M1.3 internal prototype target', formula='ending gross accounts receivable / average daily gross charges', numerator_definition='Unpaid gross claim balance at fixed-period end.', denominator_definition='Gross charges in the fixed period divided by calendar days in that period.', source_system='AMOS-OPS Revenue Cycle', source_fields_json='["claims.outstanding_balance","claims.service_date","claims.gross_charge","payments.posted_at"]', owner_role='Revenue Cycle Manager', drill_down_path='/revenue/aging?kpi=001', target_basis='Internal evaluation threshold; neither externally benchmarked nor survey-derived and carrying no third-party authority.', target_approval_status='prototype-reviewed', stale_after_hours=768, scope_ids_json='["BHC","GRO","EO"]', is_checklist_target=1, measurement_frequency='monthly', alert_threshold='45' WHERE id='M13-KPI-001';
UPDATE mgma_kpi_targets SET domain_id='M13-D2', kpi_description='Share of initial claims accepted without front-end rejection or correction before first adjudication.', target_value='95', target_unit='percent', comparison_operator='greater_than_or_equal', benchmark_source='AMOS M1.3 internal prototype target', formula='clean initial claims / all initial claims submitted * 100', numerator_definition='Initial submissions accepted without correction or rejection.', denominator_definition='All non-void initial claim submissions in the fixed period.', source_system='AMOS-OPS Revenue Cycle', source_fields_json='["claim_submissions.claim_id","claim_submissions.submission_sequence","claim_submissions.accepted_at","claim_submissions.rejection_code"]', owner_role='Revenue Cycle Manager', drill_down_path='/revenue/claims?kpi=002&view=first-pass', target_basis='Internal evaluation threshold; neither externally benchmarked nor survey-derived and carrying no third-party authority.', target_approval_status='prototype-reviewed', stale_after_hours=192, scope_ids_json='["BHC","GRO","EO"]', is_checklist_target=1, measurement_frequency='weekly', alert_threshold='90' WHERE id='M13-KPI-002';
UPDATE mgma_kpi_targets SET domain_id='M13-D4', kpi_description='Share of encounters whose required service note was signed within 24 hours of encounter end.', target_value='95', target_unit='percent', comparison_operator='greater_than_or_equal', benchmark_source='AMOS M1.3 internal prototype target', formula='encounters documented within 24 hours / encounters requiring documentation * 100', numerator_definition='Required notes signed no later than 24 hours after encounter end.', denominator_definition='Completed, non-void encounters requiring a service note.', source_system='AMOS-OPS Clinical & Quality', source_fields_json='["clinical_encounters.encounter_id","clinical_encounters.ended_at","service_notes.signed_at","service_notes.status"]', owner_role='HR / Compliance Officer', drill_down_path='/qa/registry?kpi=003&view=late-notes', target_basis='Internal evaluation threshold; neither externally benchmarked nor survey-derived and carrying no third-party authority.', target_approval_status='prototype-reviewed', stale_after_hours=30, scope_ids_json='["BHC","GRO","EO"]', is_checklist_target=1, measurement_frequency='daily', alert_threshold='90' WHERE id='M13-KPI-003';
UPDATE mgma_kpi_targets SET domain_id='M13-D3', kpi_description='Voluntary and involuntary separations during the rolling fixed period as a share of average active headcount.', target_value='15', target_unit='percent', comparison_operator='less_than_or_equal', benchmark_source='AMOS M1.3 internal prototype target', formula='employee separations / average active headcount * 100', numerator_definition='Non-rescinded employee separations in the fixed period.', denominator_definition='Average of opening and closing active employee headcount.', source_system='AMOS-OPS Human Resources', source_fields_json='["people.person_id","people.employment_status","people.hire_date","separations.effective_date","separations.status"]', owner_role='HR Director', drill_down_path='/hr/separations?kpi=004', target_basis='Internal evaluation threshold; neither externally benchmarked nor survey-derived and carrying no third-party authority.', target_approval_status='prototype-reviewed', stale_after_hours=768, scope_ids_json='["BHC","GRO","EO","GAD"]', is_checklist_target=1, measurement_frequency='monthly', alert_threshold='20' WHERE id='M13-KPI-004';
UPDATE mgma_kpi_targets SET domain_id='M13-D3', kpi_description='Share of active staff with every role-required credential verified and unexpired at period end.', target_value='98', target_unit='percent', comparison_operator='greater_than_or_equal', benchmark_source='AMOS M1.3 internal prototype target', formula='active staff fully credential-current / active staff requiring credentials * 100', numerator_definition='Active staff whose complete required credential set is verified and current.', denominator_definition='Active staff assigned one or more role-required credentials.', source_system='AMOS-OPS Human Resources', source_fields_json='["people.person_id","role_requirements.credential_type","credentials.verified_at","credentials.expires_at","credentials.status"]', owner_role='HR Director', drill_down_path='/hr/credentials-tracker?kpi=005', target_basis='Internal evaluation threshold; neither externally benchmarked nor survey-derived and carrying no third-party authority.', target_approval_status='prototype-reviewed', stale_after_hours=30, scope_ids_json='["BHC","GRO","EO","GAD"]', is_checklist_target=1, measurement_frequency='daily', alert_threshold='95' WHERE id='M13-KPI-005';
UPDATE mgma_kpi_targets SET domain_id='M13-D3', kpi_description='Share of required training assignments that are complete and current as of period end.', target_value='95', target_unit='percent', comparison_operator='greater_than_or_equal', benchmark_source='AMOS M1.3 internal prototype target', formula='current required training assignments / required training assignments due * 100', numerator_definition='Required assignments completed and not expired at period end.', denominator_definition='Required assignments applicable to active staff by period end.', source_system='AMOS-OPS Human Resources', source_fields_json='["training_assignments.assignment_id","training_assignments.required","training_assignments.due_at","training_assignments.completed_at","training_assignments.expires_at"]', owner_role='HR Director', drill_down_path='/hr/training-assignments?kpi=006', target_basis='Internal evaluation threshold; neither externally benchmarked nor survey-derived and carrying no third-party authority.', target_approval_status='prototype-reviewed', stale_after_hours=30, scope_ids_json='["BHC","GRO","EO","GAD"]', is_checklist_target=1, measurement_frequency='daily', alert_threshold='90' WHERE id='M13-KPI-006';
UPDATE mgma_kpi_targets SET domain_id='M13-D4', kpi_description='Share of completed chart audits meeting the controlled pass standard without a critical deficiency.', target_value='95', target_unit='percent', comparison_operator='greater_than_or_equal', benchmark_source='AMOS M1.3 internal prototype target', formula='chart audits passed / chart audits completed * 100', numerator_definition='Completed audits with pass result and no critical deficiency.', denominator_definition='Finalized, non-void chart audits in the fixed period.', source_system='AMOS-OPS Quality & Compliance', source_fields_json='["chart_audits.audit_id","chart_audits.completed_at","chart_audits.result","audit_findings.severity"]', owner_role='HR / Compliance Officer', drill_down_path='/qa/registry?kpi=007&view=chart-audits', target_basis='Internal evaluation threshold; neither externally benchmarked nor survey-derived and carrying no third-party authority.', target_approval_status='prototype-reviewed', stale_after_hours=192, scope_ids_json='["BHC","GRO","EO"]', is_checklist_target=1, measurement_frequency='weekly', alert_threshold='90' WHERE id='M13-KPI-007';
UPDATE mgma_kpi_targets SET domain_id='M13-D1', kpi_description='Share of scheduled monitored facility minutes during which required facility services were available.', target_value='99', target_unit='percent', comparison_operator='greater_than_or_equal', benchmark_source='AMOS M1.3 internal prototype target', formula='available monitored minutes / scheduled monitored minutes * 100', numerator_definition='Scheduled minutes without a qualifying facility outage.', denominator_definition='All in-scope facility operating minutes in the fixed period.', source_system='AMOS-OPS Facilities', source_fields_json='["facilities.facility_id","facility_monitoring.scheduled_minutes","facility_outages.started_at","facility_outages.restored_at","facility_outages.qualifying"]', owner_role='Facilities Manager', drill_down_path='/gad?kpi=008&view=facility-uptime', target_basis='Internal evaluation threshold; neither externally benchmarked nor survey-derived and carrying no third-party authority.', target_approval_status='prototype-reviewed', stale_after_hours=30, scope_ids_json='["BHC","GRO","EO","GAD"]', is_checklist_target=1, measurement_frequency='daily', alert_threshold='98' WHERE id='M13-KPI-008';
UPDATE mgma_kpi_targets SET domain_id='M13-D5', kpi_description='Share of active care plans whose required review was completed by the applicable due date.', target_value='95', target_unit='percent', comparison_operator='greater_than_or_equal', benchmark_source='AMOS M1.3 internal prototype target', formula='active plans current for review / active plans due for review * 100', numerator_definition='Active plans reviewed by their applicable due date.', denominator_definition='Active plans with a review due on or before fixed-period end.', source_system='AMOS-OPS Clinical', source_fields_json='["treatment_plans.plan_id","treatment_plans.status","treatment_plans.review_due_at","care_reviews.reviewed_at"]', owner_role='Treatment Director / LPHA', drill_down_path='/clinical/treatment-plans?kpi=009&view=review-due', target_basis='Internal evaluation threshold; neither externally benchmarked nor survey-derived and carrying no third-party authority.', target_approval_status='prototype-reviewed', stale_after_hours=30, scope_ids_json='["BHC","GRO","EO"]', is_checklist_target=0, measurement_frequency='daily', alert_threshold='90' WHERE id='M13-KPI-009';
UPDATE mgma_kpi_targets SET domain_id='M13-D5', kpi_description='Mean elapsed calendar days from accepted referral to first qualifying delivered service.', target_value='7', target_unit='days', comparison_operator='less_than_or_equal', benchmark_source='AMOS M1.3 internal prototype target', formula='sum of elapsed referral-to-first-service days / referrals with a qualifying first service', numerator_definition='Sum of calendar days from accepted referral to first qualifying service.', denominator_definition='Accepted referrals receiving a qualifying first service in the fixed cohort.', source_system='AMOS-OPS Clinical', source_fields_json='["clinical_referrals.referral_id","clinical_referrals.accepted_at","clinical_encounters.service_date","clinical_encounters.status"]', owner_role='Treatment Director / LPHA', drill_down_path='/clinical/referrals?kpi=010&view=access-lag', target_basis='Internal evaluation threshold; neither externally benchmarked nor survey-derived and carrying no third-party authority.', target_approval_status='prototype-reviewed', stale_after_hours=192, scope_ids_json='["BHC","GRO","EO"]', is_checklist_target=0, measurement_frequency='weekly', alert_threshold='10' WHERE id='M13-KPI-010';
UPDATE mgma_kpi_targets SET domain_id='M13-D6', kpi_description='Share of scheduled controlled data-refresh runs completing successfully within their execution window.', target_value='99', target_unit='percent', comparison_operator='greater_than_or_equal', benchmark_source='AMOS M1.3 internal prototype target', formula='successful scheduled refresh runs / scheduled refresh runs * 100', numerator_definition='Scheduled runs completed successfully within the controlled window.', denominator_definition='Non-cancelled refresh runs scheduled in the fixed period.', source_system='AMOS-OPS Data Operations', source_fields_json='["data_refresh_runs.run_id","data_refresh_runs.scheduled_at","data_refresh_runs.completed_at","data_refresh_runs.status"]', owner_role='Super Admin', drill_down_path='/analytics?kpi=011&view=refresh-runs', target_basis='Internal evaluation threshold; neither externally benchmarked nor survey-derived and carrying no third-party authority.', target_approval_status='prototype-reviewed', stale_after_hours=30, scope_ids_json='["BHC","GRO","EO","GAD"]', is_checklist_target=0, measurement_frequency='daily', alert_threshold='97' WHERE id='M13-KPI-011';
UPDATE mgma_kpi_targets SET domain_id='M13-D6', kpi_description='Share of executed critical-severity data-quality checks that passed in the fixed period.', target_value='98', target_unit='percent', comparison_operator='greater_than_or_equal', benchmark_source='AMOS M1.3 internal prototype target', formula='critical data-quality checks passed / critical data-quality checks executed * 100', numerator_definition='Critical-severity checks completed with pass result.', denominator_definition='All completed critical-severity checks in the fixed period.', source_system='AMOS-OPS Data Operations', source_fields_json='["data_quality_results.check_id","data_quality_results.severity","data_quality_results.executed_at","data_quality_results.result"]', owner_role='Super Admin', drill_down_path='/analytics?kpi=012&view=critical-data-quality', target_basis='Internal evaluation threshold; neither externally benchmarked nor survey-derived and carrying no third-party authority.', target_approval_status='prototype-reviewed', stale_after_hours=30, scope_ids_json='["BHC","GRO","EO","GAD"]', is_checklist_target=0, measurement_frequency='daily', alert_threshold='95' WHERE id='M13-KPI-012';
UPDATE mgma_kpi_targets SET domain_id='M13-D7', kpi_description='Share of strategic milestones due or completed in the fixed period that were completed by their controlled due date.', target_value='90', target_unit='percent', comparison_operator='greater_than_or_equal', benchmark_source='AMOS M1.3 internal prototype target', formula='strategic milestones completed on time / strategic milestones due or completed * 100', numerator_definition='Controlled milestones completed on or before due date.', denominator_definition='Non-cancelled controlled milestones due or completed in the fixed period.', source_system='AMOS-OPS Executive Operations', source_fields_json='["project_milestones.milestone_id","project_milestones.due_at","project_milestones.completed_at","project_milestones.status"]', owner_role='Managing Director', drill_down_path='/executive/strategic-projects?kpi=013&view=milestones', target_basis='Internal evaluation threshold; neither externally benchmarked nor survey-derived and carrying no third-party authority.', target_approval_status='prototype-reviewed', stale_after_hours=192, scope_ids_json='["BHC","GRO","EO","GAD"]', is_checklist_target=0, measurement_frequency='weekly', alert_threshold='80' WHERE id='M13-KPI-013';
UPDATE mgma_kpi_targets SET domain_id='M13-D7', kpi_description='Share of eligible Corporate Office service requests completed within the controlled service-level deadline.', target_value='95', target_unit='percent', comparison_operator='greater_than_or_equal', benchmark_source='AMOS M1.3 internal prototype target', formula='Corporate Office requests completed within SLA / Corporate Office requests due or completed * 100', numerator_definition='Eligible EO/GAD service requests completed on or before the service-level deadline.', denominator_definition='Eligible non-cancelled Corporate Office service requests due or completed in the fixed period.', source_system='AMOS-OPS Workflow', source_fields_json='["corporate_service_requests.request_id","corporate_service_requests.owner_division","corporate_service_requests.sla_due_at","corporate_service_requests.completed_at","corporate_service_requests.status"]', owner_role='Managing Director', drill_down_path='/workflows/my-work-today?kpi=014&view=corporate-sla', target_basis='Internal evaluation threshold; neither externally benchmarked nor survey-derived and carrying no third-party authority.', target_approval_status='prototype-reviewed', stale_after_hours=192, scope_ids_json='["BHC","GRO","EO","GAD"]', is_checklist_target=0, measurement_frequency='weekly', alert_threshold='90' WHERE id='M13-KPI-014';

INSERT INTO `mgma_dashboard_governance`
(`id`,`baseline_period_start`,`baseline_period_end`,`dashboard_cadence`,`close_rule`,`status`,`owner_role`,`reviewer_label`,`review_class`,`reviewed_at`,`note`)
VALUES
('M13-GOV-001','2026-06-01','2026-06-30','monthly','Close the prior full calendar month after source-owner validation and before the fifth business day dashboard publication.','prototype-reviewed','Managing Director / CFO','Synthetic M1.3 governance reviewer','synthetic_prototype','2026-07-14T00:00:00Z','Prototype-reviewed measurement period and governance workflow; no production data is loaded. Milestone-owner acceptance remains the controlling disposition.');
--> statement-breakpoint

INSERT INTO `mgma_owner_approvals`
(`id`,`kpi_id`,`owner_role`,`formula_status`,`target_status`,`source_status`,`cadence_status`,`reviewer_label`,`review_class`,`reviewed_at`,`note`)
SELECT REPLACE(`id`,'M13-KPI-','M13-APR-'), `id`, `owner_role`,
       'prototype-reviewed','prototype-reviewed','prototype-reviewed','prototype-reviewed',
       'Synthetic ' || `owner_role` || ' prototype reviewer','synthetic_prototype','2026-07-14T00:00:00Z',
       'Role-based prototype review only; no real-person signature is represented and milestone-owner acceptance remains controlling.'
FROM `mgma_kpi_targets`;
--> statement-breakpoint

-- Synthetic demonstration measurements are segregated from production evidence.
INSERT INTO `mgma_measurements`
(`id`,`kpi_id`,`scope_type`,`scope_id`,`evidence_class`,`period_start`,`period_end`,`numerator_value`,`denominator_value`,`calculated_value`,`source_reference`,`source_record_ids_json`,`source_record_count`,`collected_at`,`created_at`)
VALUES
('M13-DEMO-001-EO','M13-KPI-001','corporate_office','EO','synthetic_demo','2026-06-01','2026-06-30','3800000','100000','38','SYNTHETIC-DEMO: revenue-cycle ledger','["demo-ar-balance","demo-gross-charges"]',2,'2026-07-01T06:00:00Z','2026-07-14T00:00:00Z'),
('M13-DEMO-002-EO','M13-KPI-002','corporate_office','EO','synthetic_demo','2026-06-01','2026-06-30','940','1000','94','SYNTHETIC-DEMO: clearinghouse extract','["demo-claim-batch-001","demo-claim-batch-002"]',2,'2026-07-01T06:00:00Z','2026-07-14T00:00:00Z'),
('M13-DEMO-003-BHC','M13-KPI-003','profit_center','BHC','synthetic_demo','2026-06-01','2026-06-30','970','1000','97','SYNTHETIC-DEMO: BHC documentation ledger','["demo-bhc-note-batch"]',1,'2026-07-01T06:00:00Z','2026-07-14T00:00:00Z'),
('M13-DEMO-003-GRO','M13-KPI-003','profit_center','GRO','synthetic_demo','2026-06-01','2026-06-30','920','1000','92','SYNTHETIC-DEMO: GRO documentation ledger','["demo-gro-note-batch"]',1,'2026-07-01T06:00:00Z','2026-07-14T00:00:00Z'),
('M13-DEMO-004-EO','M13-KPI-004','corporate_office','EO','synthetic_demo','2026-06-01','2026-06-30','20','120','16.7','SYNTHETIC-DEMO: HR lifecycle ledger (trailing-12-month lookback)','["demo-separations","demo-headcount"]',2,'2026-07-01T06:00:00Z','2026-07-14T00:00:00Z'),
('M13-DEMO-005-EO','M13-KPI-005','corporate_office','EO','synthetic_demo','2026-06-01','2026-06-30','116','120','96.7','SYNTHETIC-DEMO: credential registry','["demo-credential-snapshot"]',1,'2026-07-01T06:00:00Z','2026-07-14T00:00:00Z'),
('M13-DEMO-006-EO','M13-KPI-006','corporate_office','EO','synthetic_demo','2026-06-01','2026-06-30','114','120','95','SYNTHETIC-DEMO: training tracker','["demo-training-snapshot"]',1,'2026-07-01T06:00:00Z','2026-07-14T00:00:00Z'),
('M13-DEMO-007-BHC','M13-KPI-007','profit_center','BHC','synthetic_demo','2026-06-01','2026-06-30','96','100','96','SYNTHETIC-DEMO: BHC chart-audit register','["demo-bhc-chart-audits"]',1,'2026-07-01T06:00:00Z','2026-07-14T00:00:00Z'),
('M13-DEMO-007-GRO','M13-KPI-007','profit_center','GRO','synthetic_demo','2026-06-01','2026-06-30','90','100','90','SYNTHETIC-DEMO: GRO chart-audit register','["demo-gro-chart-audits"]',1,'2026-07-01T06:00:00Z','2026-07-14T00:00:00Z'),
('M13-DEMO-008-GAD','M13-KPI-008','corporate_office','GAD','synthetic_demo','2026-06-01','2026-06-30','712.8','720','99','SYNTHETIC-DEMO: facility operations register','["demo-facility-calendar","demo-facility-events"]',2,'2026-07-01T06:00:00Z','2026-07-14T00:00:00Z'),
('M13-DEMO-009-BHC','M13-KPI-009','profit_center','BHC','synthetic_demo','2026-06-01','2026-06-30','97','100','97','SYNTHETIC-DEMO: BHC care-plan registry','["demo-bhc-care-plans"]',1,'2026-07-01T06:00:00Z','2026-07-14T00:00:00Z'),
('M13-DEMO-009-GRO','M13-KPI-009','profit_center','GRO','synthetic_demo','2026-06-01','2026-06-30','91','100','91','SYNTHETIC-DEMO: GRO care-plan registry','["demo-gro-care-plans"]',1,'2026-07-01T06:00:00Z','2026-07-14T00:00:00Z'),
('M13-DEMO-010-BHC','M13-KPI-010','profit_center','BHC','synthetic_demo','2026-06-01','2026-06-30','42','7','6','SYNTHETIC-DEMO: BHC referral ledger','["demo-bhc-referrals"]',1,'2026-07-01T06:00:00Z','2026-07-14T00:00:00Z'),
('M13-DEMO-010-GRO','M13-KPI-010','profit_center','GRO','synthetic_demo','2026-06-01','2026-06-30','64','8','8','SYNTHETIC-DEMO: GRO referral ledger','["demo-gro-referrals"]',1,'2026-07-01T06:00:00Z','2026-07-14T00:00:00Z'),
('M13-DEMO-011-EO','M13-KPI-011','corporate_office','EO','synthetic_demo','2026-06-01','2026-06-30','99','100','99','SYNTHETIC-DEMO: refresh-job ledger','["demo-refresh-jobs"]',1,'2026-07-01T06:00:00Z','2026-07-14T00:00:00Z'),
('M13-DEMO-012-EO','M13-KPI-012','corporate_office','EO','synthetic_demo','2026-06-01','2026-06-30','980','1000','98','SYNTHETIC-DEMO: data-quality ledger','["demo-dq-results"]',1,'2026-07-01T06:00:00Z','2026-07-14T00:00:00Z'),
('M13-DEMO-013-EO','M13-KPI-013','corporate_office','EO','synthetic_demo','2026-06-01','2026-06-30','9','10','90','SYNTHETIC-DEMO: milestone register','["demo-milestones"]',1,'2026-07-01T06:00:00Z','2026-07-14T00:00:00Z'),
('M13-DEMO-014-EO','M13-KPI-014','corporate_office','EO','synthetic_demo','2026-06-01','2026-06-30','97','100','97','SYNTHETIC-DEMO: EO service-request ledger','["demo-eo-service-requests"]',1,'2026-07-01T06:00:00Z','2026-07-14T00:00:00Z'),
('M13-DEMO-014-GAD','M13-KPI-014','corporate_office','GAD','synthetic_demo','2026-06-01','2026-06-30','93','100','93','SYNTHETIC-DEMO: GAD service-request ledger','["demo-gad-service-requests"]',1,'2026-07-01T06:00:00Z','2026-07-14T00:00:00Z');
--> statement-breakpoint

INSERT INTO `mgma_data_quality_results`
(`id`,`measurement_id`,`kpi_id`,`scope_id`,`evidence_class`,`check_type`,`check_status`,`reason_code`,`details`,`evaluated_at`)
SELECT m.`id` || '-' || c.`suffix`, m.`id`, m.`kpi_id`, m.`scope_id`, m.`evidence_class`,
       c.`check_type`, 'pass', c.`reason_code`, c.`details`, '2026-07-01T12:00:00Z'
FROM `mgma_measurements` m
CROSS JOIN (
  SELECT 'COMP' AS `suffix`, 'completeness' AS `check_type`, 'M13-DQ-COMPLETE' AS `reason_code`, 'All required synthetic demonstration fields are present.' AS `details`
  UNION ALL SELECT 'TIME','timeliness','M13-DQ-TIMELY','The synthetic demonstration measurement was collected within its controlled refresh window.'
  UNION ALL SELECT 'DUP','duplication','M13-DQ-UNIQUE','No duplicate synthetic source identifiers were detected.'
  UNION ALL SELECT 'DEN','denominator_validity','M13-DQ-DENOMINATOR-VALID','The denominator is present and greater than zero.'
  UNION ALL SELECT 'STALE','stale_data','M13-DQ-CURRENT','The synthetic demonstration measurement is not stale at the fixed evaluation time.'
) c;
